,word,freq
0,aback,-1.0626516198838676
1,abase,-2.1367682628297806
2,abate,-0.8000324662618541
3,abbey,0.25763754609064676
4,abbot,-0.44042615578117056
5,abhor,-1.2931570034899533
6,abide,0.19666874603527576
7,abled,-1.4487960852763693
8,abode,-0.33061824435348264
9,abort,-0.2194677024394154
10,about,2.990745439485428
11,above,1.951201047640956
12,abuse,1.2937935698977556
13,abyss,-0.3684591561756573
14,acorn,-0.14672921536617806
15,acrid,-1.52466832771012
16,actor,0.9078282786906284
17,acute,0.7244162537234032
18,adage,-0.855868524345477
19,adapt,0.30648801065595743
20,adept,-0.21172935405527069
21,admin,1.314161262904072
22,admit,0.6102032156572117
23,adobe,1.161074707131227
24,adopt,0.7305907076582745
25,adore,-0.35859432924516
26,adorn,-0.8062729204237937
27,adult,1.770774368364112
28,affix,-0.8279890646269027
29,afire,-1.484335420362294
30,afoot,-0.9233147794512266
31,afoul,-1.32082979736926
32,after,2.41692028405271
33,again,1.9804768785790452
34,agape,-0.861287839123535
35,agate,-0.4873586610680552
36,agent,1.512536672004316
37,agile,-0.15115715514403144
38,aging,0.7613002096517365
39,aglow,-1.4991494477174143
40,agony,-0.22773065774128026
41,agree,1.4238033067231541
42,ahead,1.1754967939418632
43,aider,-1.381076972671991
44,aisle,-0.12311893914821018
45,alarm,0.9302924194988863
46,album,1.6622936161265358
47,alert,1.2405004763489114
48,algae,-0.08650859075325758
49,alibi,-0.8230349017221934
50,alien,0.6959509149010937
51,align,0.38287794257060925
52,alike,0.44409864348682243
53,alive,0.9013293052439729
54,allay,-1.2041669832101605
55,alley,0.2924644077246381
56,allot,-0.882863270984551
57,allow,1.589939490840087
58,alloy,0.3820147516951433
59,aloft,-0.7734433424907232
60,alone,1.332788889175173
61,along,1.6953422950303452
62,aloof,-1.0263184329107296
63,aloud,0.19938595787069757
64,alpha,1.1661939025632069
65,altar,0.028802334822814114
66,alter,0.5550613406452699
67,amass,-1.2585166569539064
68,amaze,-0.5494069955659089
69,amber,0.7216657428431833
70,amble,-1.3789311962308377
71,amend,0.5535516993603892
72,amiss,-1.0653627382726025
73,amity,-0.7334025697931836
74,among,1.6952662489678734
75,ample,0.12190423895125109
76,amply,-0.9837317181556104
77,amuse,-0.720647631680207
78,angel,1.1200996044116631
79,anger,0.5647902238249873
80,angle,0.9290543730240145
81,angry,0.6362098624400709
82,angst,-0.3361307221460684
83,anime,1.2233075535260103
84,ankle,0.24864860429727276
85,annex,0.5926105967588267
86,annoy,-0.2421183394837066
87,annul,-1.3625214070217495
88,anode,-0.5634421300029311
89,antic,-1.3577875701503928
90,anvil,-0.46828245446916245
91,aorta,-0.6511089669198227
92,apart,0.9144214138072436
93,aphid,-1.0249333688136018
94,aping,-1.9585068689036182
95,apnea,-0.4612582471303757
96,apple,1.4537975462835115
97,apply,1.652465388174432
98,apron,-0.2051125680647515
99,aptly,-0.684317800026284
100,arbor,0.34430759413915035
101,ardor,-1.3345060554477486
102,arena,0.8338763739870333
103,argue,0.586174974686938
104,arise,0.5852214257539493
105,armor,0.4268348216291467
106,aroma,-0.09826847590922394
107,arose,0.025340991603531815
108,array,1.1173460528903534
109,arrow,0.7428659439032961
110,arson,-0.44198291454304817
111,artsy,-0.9660685636526685
112,ascot,-0.49366495864525917
113,ashen,-1.2506981606810972
114,aside,0.7513559389213312
115,askew,-0.7969519480025387
116,assay,0.2135126424041046
117,asset,0.9609078124337112
118,atoll,-0.4830852464108112
119,atone,-1.341878488841868
120,attic,0.14544018529394317
121,audio,1.8978115106793538
122,audit,1.0255052385276913
123,augur,-1.4555920111284224
124,aunty,-1.1255561137260284
125,avail,0.21941263794465432
126,avert,-0.5643919556715161
127,avian,0.07248764565407033
128,avoid,1.2969525066289618
129,await,-0.16834217454320619
130,awake,0.12828613927329086
131,award,1.5335789746844555
132,aware,1.1277776235823356
133,awash,-1.0603597153843163
134,awful,0.35932871463767513
135,awoke,-0.6166863459961128
136,axial,-0.18534177101974578
137,axiom,-0.2428724867077096
138,axion,-1.0571577280130935
139,azure,-0.41687672071555143
140,bacon,0.3745876811690403
141,badge,0.43820578935847887
142,badly,0.36600456820332467
143,bagel,-0.5487688345084594
144,baggy,-0.8552721643093657
145,baker,0.8638394144539199
146,baler,-1.3390531964137702
147,balmy,-1.186877932414602
148,banal,-1.085784963297542
149,banjo,-0.11728368351673557
150,barge,-0.30305374207444535
151,baron,0.16755190058392602
152,basal,-0.14776327445072868
153,basic,1.703335165232796
154,basil,0.05200012915908607
155,basin,0.6984353568227366
156,basis,1.5355886006989317
157,baste,-1.5693692569058355
158,batch,0.5552897814960008
159,bathe,-0.7764469532887759
160,baton,0.2581975369640188
161,batty,-0.8595016514910102
162,bawdy,-1.3180019081827206
163,bayou,-0.2753692769682243
164,beach,1.8090197887964115
165,beady,-1.6082672490215257
166,beard,0.11866936756500714
167,beast,0.8614042548333644
168,beech,-0.02976677619158335
169,beefy,-0.9200908016827466
170,befit,-2.110624243987156
171,began,1.3196590361430178
172,begat,-1.2339101569562976
173,beget,-1.4593941538208923
174,begin,1.402372509554
175,begun,0.6022171584301947
176,being,2.2100400250538152
177,belch,-1.4785961117665767
178,belie,-1.529649746731752
179,belle,0.4120075645048505
180,belly,0.5242517203128263
181,below,1.9639608432205578
182,bench,0.6216769285372818
183,beret,-0.9708350795799339
184,berry,0.5375510998200771
185,berth,-0.41055899780952065
186,beset,-0.9108451729170997
187,betel,-1.4351140056782559
188,bevel,-0.7060521588521326
189,bezel,-0.18319925596732972
190,bible,1.3986011583932785
191,bicep,-1.3117820866493795
192,biddy,-1.391608958723772
193,bigot,-1.0892470470076425
194,bilge,-0.8638141700109051
195,billy,0.8180457268132022
196,binge,-0.514913152763584
197,bingo,0.6501255519446533
198,biome,-1.2788397283118242
199,birch,0.08227249237292435
200,birth,1.2940112367262642
201,bison,-0.10228357294140261
202,bitty,-0.867470234565255
203,black,2.213810832537261
204,blade,0.7413985471304649
205,blame,0.5754964278194575
206,bland,-0.20836160427419687
207,blank,0.9601592012934501
208,blare,-1.886728607284914
209,blast,0.6423929683141054
210,blaze,-0.005280364594644802
211,bleak,-0.3958965345626386
212,bleat,-1.3681369179803367
213,bleed,-0.10541275726494782
214,bleep,-0.8808779777266676
215,blend,0.6572458752220619
216,bless,0.38277395558377
217,blimp,-1.0796565442410855
218,blind,0.9137874271368314
219,blink,0.36303320776480036
220,bliss,0.1948749275680097
221,blitz,0.00012131608719768938
222,bloat,-0.9921351166603462
223,block,1.4455625840415294
224,bloke,-0.5648141433463796
225,blond,0.3535377727639476
226,blood,1.5470910180391568
227,bloom,0.3809648492265978
228,blown,0.25821371595199405
229,bluer,-1.6500506231746392
230,bluff,0.21990139857706445
231,blunt,0.24666964559942786
232,blurb,-0.5588884803304319
233,blurt,-1.614847390660664
234,blush,-0.17489779924347112
235,board,2.1455184546945403
236,boast,-0.33351146194392356
237,bobby,0.6201809807883686
238,boney,-0.8667829004623905
239,bongo,-0.5645973490122458
240,bonus,1.1659627224013533
241,booby,-0.9038483068185935
242,boost,0.8237114899318262
243,booth,0.5483671696685232
244,booty,0.8425039922789505
245,booze,-0.3575899132096321
246,boozy,-1.705987555934271
247,borax,-1.2837624438756159
248,borne,0.1500300072515244
249,bosom,-0.5999415984788187
250,bossy,-1.3093541721029294
251,botch,-1.5845590394227251
252,bough,-0.7519106559561562
253,boule,-1.471982069689508
254,bound,1.0594616676288613
255,bowel,0.035843482796839986
256,boxer,0.17948823817375095
257,brace,-0.0605861097206399
258,braid,-0.44560410671054546
259,brain,1.2571300480261112
260,brake,0.6390294979101445
261,brand,1.6916481770871588
262,brash,-0.8092258909957833
263,brass,0.8451984433217682
264,brave,0.3596967651946483
265,bravo,0.05462928456393494
266,brawl,-0.7096294495481831
267,brawn,-1.234565623347474
268,bread,0.8201844449852939
269,break,1.460348152550052
270,breed,0.5479670824036789
271,briar,-0.6588915016336775
272,bribe,-0.6470402635927524
273,brick,0.5709822199281239
274,bride,0.603015205253978
275,brief,1.242380848557208
276,brine,-0.5348184322863088
277,bring,1.5167750674857514
278,brink,-0.2462986803077053
279,briny,-1.7401331732045549
280,brisk,-0.5602867983756956
281,broad,1.0388560624609178
282,broil,-0.791024203534872
283,broke,0.6945825863088293
284,brood,-0.4168545262811095
285,brook,0.43028320448222823
286,broom,-0.30582018512382236
287,broth,-0.3114509566103152
288,brown,1.5683273075160364
289,brunt,-0.7813294394482048
290,brush,0.6737706282977023
291,brute,-0.34221165763920863
292,buddy,1.0869157004059218
293,budge,-0.8567857610942287
294,buggy,-0.11363141402172666
295,bugle,-0.6961433767081642
296,build,1.6578740768488467
297,built,1.5483039194974213
298,bulge,-0.49754798419485574
299,bulky,-0.3564186947399548
300,bully,-0.2311112050773368
301,bunch,0.6897030647838229
302,bunny,0.4045007907468602
303,burly,-1.1037090249273214
304,burnt,0.1269868837115924
305,burst,0.35283797685123025
306,bused,-1.7709355307229695
307,bushy,-0.8260819090852975
308,butch,-0.34343774185949066
309,butte,0.005846807592367637
310,buxom,-1.1297188618068996
311,buyer,1.3647705816913074
312,bylaw,-0.40385697629519707
313,cabal,-0.7413201244467756
314,cabby,-1.7804726432166738
315,cabin,0.5684689489384986
316,cable,1.6112398334649565
317,cacao,-0.9686289544459256
318,cache,0.9356603228162614
319,cacti,-0.7915642026889822
320,caddy,-0.3933599276511038
321,cadet,-0.1761249035844735
322,cagey,-1.7431023986688812
323,cairn,-0.6168522642653179
324,camel,0.7190233044938694
325,cameo,-0.2358457993335008
326,canal,0.5818047422146827
327,candy,0.827116371658966
328,canny,-1.1901475021813501
329,canoe,0.20539043716798783
330,canon,1.3545723936715275
331,caper,-0.7853621360916103
332,caput,-1.5201072801147297
333,carat,0.15272531479948184
334,cargo,0.6606036633638823
335,carol,0.7235737991414101
336,carry,1.2490870747562104
337,carve,-0.46031615015885424
338,caste,-0.36244592786131535
339,catch,1.0164889820395655
340,cater,-0.08090709890310677
341,catty,-1.5108619734237168
342,caulk,-1.1128088373875904
343,cause,1.5816177233751678
344,cavil,-2.1602614054019833
345,cease,0.24105393277311765
346,cedar,0.6473891288828642
347,cello,-0.02324025942446144
348,chafe,-1.4633644020138292
349,chaff,-1.0253826286964842
350,chain,1.2892368261145601
351,chair,1.3500917600486402
352,chalk,0.004480199654405564
353,champ,0.07092583223663708
354,chant,-0.28355008723465447
355,chaos,0.6052164789425601
356,chard,-0.8117163336415998
357,charm,0.6988862403514684
358,chart,1.2769986063235872
359,chase,0.7175735283528164
360,chasm,-0.7543791477531845
361,cheap,1.7681331648895775
362,cheat,0.6682012774412414
363,check,2.2134186007415746
364,cheek,0.03846046924579154
365,cheer,0.18700847751614685
366,chess,0.582713646142736
367,chest,0.8180872672274554
368,chick,0.551365004499876
369,chide,-1.744088958093945
370,chief,1.405171954908871
371,child,1.8694167308487704
372,chili,0.29370566670192755
373,chill,0.2869324496418964
374,chime,-0.384329777640333
375,china,1.8880660190603897
376,chirp,-1.1235763052059329
377,chock,-0.7626074371416278
378,choir,0.35364938416715036
379,choke,-0.2583707297036416
380,chord,0.11206940994458432
381,chore,-0.7116991191183405
382,chose,0.6435556400200074
383,chuck,0.6519320290951581
384,chump,-1.0674520564175385
385,chunk,-0.02071691732883984
386,churn,-0.6127144061095351
387,chute,-0.5243019716094225
388,cider,-0.16893363989239243
389,cigar,0.23053687502517153
390,cinch,-0.8466566607251834
391,circa,0.16353525974309951
392,civic,0.6863516416453191
393,civil,1.4436251679107863
394,clack,-1.111278917598756
395,claim,1.3420006982414971
396,clamp,0.1857627176284964
397,clang,-1.2431816593692129
398,clank,-1.0758938420108068
399,clash,0.17119166583644607
400,clasp,-0.2906269335432764
401,class,2.0946478620365725
402,clean,1.4018084103543993
403,clear,1.723403193561316
404,cleat,-0.9134281953728174
405,cleft,-0.5516591636564773
406,clerk,0.7576744275982733
407,click,2.5923859986092133
408,cliff,0.4184958020597911
409,climb,0.4017532906763907
410,cling,-0.46343361265249383
411,clink,-1.3075867269521289
412,cloak,-0.25773551222399077
413,clock,1.1448101688273613
414,clone,0.6370968855735135
415,close,1.818999364277855
416,cloth,0.6613677811134765
417,cloud,0.7333566574828928
418,clout,-0.6521256940195919
419,clove,-0.6094957066200116
420,clown,0.10555347583557169
421,cluck,-1.4052975037446478
422,clued,-1.437471950040543
423,clump,-0.9492071439395534
424,clung,-0.9214049404412554
425,coach,1.1050206128302513
426,coast,1.4259846073868025
427,cobra,0.2786149570871062
428,cocoa,0.17473424410992022
429,colon,0.38425299824195136
430,color,1.8413196807697163
431,comet,0.11092425724850477
432,comfy,-0.3310580286360866
433,comic,0.9198984442262318
434,comma,0.04391086683174287
435,conch,-0.9041634010775645
436,condo,0.4611554203382268
437,conic,-1.1735233822649411
438,copse,-1.5942677416598785
439,coral,0.6122633935407953
440,corer,-1.5655439235106183
441,corny,-0.9048387521164579
442,couch,0.29667919914319585
443,cough,0.16022054613063635
444,could,2.3157230185883337
445,count,1.3451220134789472
446,coupe,0.3265728592405376
447,court,1.9004801570450454
448,coven,-1.0238193790299888
449,cover,1.7553109576782822
450,covet,-1.1669450898864737
451,covey,-0.5948950021699333
452,cower,-1.5712071273641668
453,coyly,-1.8600571131166992
454,crack,0.9181011348193648
455,craft,0.9150374228864309
456,cramp,-0.8758639345455634
457,crane,0.3279964252789171
458,crank,-0.060090072033067356
459,crash,0.877904791357424
460,crass,-0.868204551673588
461,crate,-0.027762338447556455
462,crave,-0.34917080773382236
463,crawl,0.06956710954119992
464,craze,-0.4552548993855369
465,crazy,1.0749659048672666
466,creak,-1.4423741367789689
467,cream,1.1314843038532005
468,credo,-0.8254154820910548
469,creed,0.1527586397367643
470,creek,1.3182717416944285
471,creep,-0.15035165460002123
472,creme,-0.17428807214123002
473,crepe,-0.5638170686782998
474,crept,-0.6921419018181831
475,cress,-1.0514047818320396
476,crest,0.38273638454732567
477,crick,-0.9261785047944698
478,cried,0.2719480657224132
479,crier,-0.910033974571679
480,crime,1.3453125357810887
481,crimp,-0.6513428273670425
482,crisp,0.21664775094580305
483,croak,-1.2931171210165486
484,crock,-0.4777815290893813
485,crone,-1.1456155064322888
486,crony,-1.391780222356859
487,crook,-0.40527091819464084
488,cross,1.6389544369077125
489,croup,-1.3527740451694195
490,crowd,0.7364075446584027
491,crown,0.9186031842682346
492,crude,0.35016756352427114
493,cruel,0.2526027117970917
494,crumb,-0.6273847626177065
495,crump,-0.9732434675539372
496,crush,0.17732568297040613
497,crust,-0.04228467145014312
498,crypt,-0.1263248458081738
499,cubic,0.4082049489300067
500,cumin,-0.6732907947360363
501,curio,-0.7643976960665757
502,curly,-0.05008967377191222
503,curry,0.23482526945167648
504,curse,0.22912757144088255
505,curve,0.7219126241256957
506,curvy,-0.9287034821580659
507,cutie,0.13941366673277186
508,cyber,0.6373341457292875
509,cycle,1.1956211214853116
510,cynic,-0.7465299386630923
511,daddy,0.6332725605089967
512,daily,1.809908885904231
513,dairy,0.6102748364203143
514,daisy,0.35065658051882315
515,dally,-1.3742971135471542
516,dance,1.4594538312201957
517,dandy,-0.39168458142780926
518,datum,-0.05112917605146037
519,daunt,-2.002105996056305
520,dealt,0.44053955541854023
521,death,1.6940241160465364
522,debar,-1.8581212249137335
523,debit,0.3021629084857558
524,debug,0.6522475166293414
525,debut,0.515933475575069
526,decal,-0.032922023233192155
527,decay,0.33462044281470193
528,decor,0.7646923874346493
529,decoy,-0.7566703284692274
530,decry,-1.204726280515993
531,defer,-0.3457839898705127
532,deign,-1.5722227307805972
533,deity,-0.32451410567843325
534,delay,1.0509061019059325
535,delta,1.1699717324642644
536,delve,-0.6512202432699322
537,demon,0.2988794640580221
538,demur,-1.9254275947677528
539,denim,0.31283533829755283
540,dense,0.3600691463735862
541,depot,0.6576119291144881
542,depth,1.231621305379369
543,derby,0.4516980075065564
544,deter,-0.1306677276623437
545,detox,-0.03597301959839282
546,deuce,-0.45128702773305673
547,devil,0.7944513999983775
548,diary,0.8657811371966735
549,dicey,-1.3141300427816853
550,digit,0.5003602746670525
551,dilly,-1.3162383839360345
552,dimly,-0.9529376941652025
553,diner,-0.04345316789727754
554,dingo,-0.854701774368649
555,dingy,-1.094723118103402
556,diode,-0.1280432366807247
557,dirge,-0.8974551702887328
558,dirty,0.902434265764944
559,disco,0.5056149107238832
560,ditch,-0.02020461299145611
561,ditto,-0.2795087327461169
562,ditty,-1.0469145973408733
563,diver,-0.004494844599877405
564,dizzy,-0.2663671824620095
565,dodge,0.8607829401625313
566,dodgy,-0.7063404020060648
567,dogma,-0.428882208659362
568,doing,1.6799511168788799
569,dolly,-0.04250831999169669
570,donor,0.5075875128798303
571,donut,-0.5230536888691886
572,dopey,-1.2935189453477747
573,doubt,1.0143648918617616
574,dough,0.09785328539690963
575,dowdy,-1.3146242426174344
576,dowel,-1.0404245529412806
577,downy,-1.035664244436973
578,dowry,-1.0589733132441164
579,dozen,0.6619641450444271
580,draft,1.2770829537739479
581,drain,0.4586659166447227
582,drake,0.2742511260067354
583,drama,1.0290534445170934
584,drank,-0.1596806627113627
585,drape,-0.7856920190281244
586,drawl,-1.4906586564742912
587,drawn,0.8627002321526493
588,dread,-0.19553428473016682
589,dream,1.2557773709359077
590,dress,1.1572127978777809
591,dried,0.4526121090616249
592,drier,-0.623269397568311
593,drift,0.21777910315526366
594,drill,0.580089581592141
595,drink,1.1902095810026179
596,drive,1.818759363129666
597,droit,-0.5748326304085236
598,droll,-1.2219888074931422
599,drone,-0.591261946538604
600,drool,-0.7345257163455936
601,droop,-1.3316093542816192
602,dross,-1.3373484511524008
603,drove,0.3887537300554057
604,drown,-0.3669151379316077
605,druid,-0.365213190118316
606,drunk,0.6972659838320486
607,dryer,0.39274782843643036
608,dryly,-1.5622314425116057
609,duchy,-0.9581537285785927
610,dully,-1.7435954259352517
611,dummy,0.12832671725621364
612,dumpy,-1.6077580508633893
613,dunce,-1.4894541367028455
614,dusky,-0.8899213376474711
615,dusty,-0.027114988672372
616,dutch,0.9822271363300528
617,duvet,-0.22017859097999443
618,dwarf,0.10407593068135981
619,dwell,-0.09931188134921606
620,dwelt,-0.7593666239596145
621,dying,0.628665451126204
622,eager,0.25199278417121995
623,eagle,0.9224716189539501
624,early,1.7826289043866261
625,earth,1.5448201146031668
626,easel,-0.5495567725124049
627,eaten,0.15477130014766624
628,eater,-0.1802943768478074
629,ebony,0.8628186909735385
630,eclat,-1.4438674220741217
631,edict,-0.8994509311462633
632,edify,-1.7229699551137962
633,eerie,-0.5612316673120353
634,egret,-0.8847542192605281
635,eight,1.2419082872290652
636,eject,-0.46920831136102753
637,eking,-2.18300501846517
638,elate,-2.424875868823272
639,elbow,0.16476284491330428
640,elder,0.5211661887599691
641,elect,0.4060835112938026
642,elegy,-1.0241208643904258
643,elfin,-1.2949808757082806
644,elide,-2.238427830315981
645,elite,0.7870675358660161
646,elope,-1.6852642034957717
647,elude,-1.1765019819469167
648,email,2.500907854481227
649,embed,-0.3418086672575506
650,ember,-0.781747263256011
651,emcee,-1.0257783241229144
652,empty,1.1371682477691558
653,enact,-0.3240665194809008
654,endow,-1.2225864127039665
655,enema,-0.2995630416250058
656,enemy,0.8379176630669359
657,enjoy,1.4498755668149732
658,ennui,-1.3655377746596753
659,ensue,-0.9468239935513837
660,enter,1.867993197784874
661,entry,1.6793296910985989
662,envoy,-0.218133243715193
663,epoch,-0.18673144245448753
664,epoxy,-0.1254478623863355
665,equal,1.2743062745389195
666,equip,0.23659818813326172
667,erase,0.10635683718357586
668,erect,-0.08915564167430018
669,erode,-0.5600309555481647
670,error,1.7285458413955004
671,erupt,-1.016925522957314
672,essay,0.750604440793396
673,ester,-0.21583505371512632
674,ether,-0.13328066038189315
675,ethic,-0.2981842922562043
676,ethos,-0.4633266730277603
677,etude,-0.9585547928085808
678,evade,-0.678509688721397
679,event,1.8920882989624983
680,every,2.090183686789402
681,evict,-1.1853151986901418
682,evoke,-0.5417102057300308
683,exact,1.0594896273953278
684,exalt,-1.2283245870184734
685,excel,0.8396011929669501
686,exert,-0.3866927715446174
687,exile,0.05960243525518658
688,exist,1.1211464880799726
689,expel,-0.8030060556429046
690,extol,-1.3520330936371208
691,extra,1.5313532778757584
692,exult,-1.3465692597903298
693,eying,-2.1102670544259907
694,fable,-0.1871572794582897
695,facet,-0.34048213187216564
696,faint,0.01727841397038354
697,fairy,0.46044090871410037
698,faith,1.2893466990239997
699,false,1.255171484410462
700,fancy,0.610009923684771
701,fanny,-0.23627093216998454
702,farce,-0.5901159397076102
703,fatal,0.48556937885894
704,fatty,0.37264555000845745
705,fault,0.8034719801494997
706,fauna,-0.03563811906855482
707,favor,0.7554001240321059
708,feast,0.25087751053730867
709,fecal,-0.4216131081222844
710,feign,-1.471870605951434
711,fella,-0.6523630634262676
712,felon,-0.8872743995187212
713,femme,0.008823525200945861
714,femur,-0.8257285988034881
715,fence,0.4867664452014158
716,feral,-0.4887447160992097
717,ferry,0.6331554006970254
718,fetal,0.11276647596723147
719,fetch,0.07589697425016509
720,fetid,-1.68060779905145
721,fetus,-0.16870674742026873
722,fever,0.5992119136533759
723,fewer,0.7096391519868668
724,fiber,0.8850227656139464
725,ficus,-1.0522629259206924
726,field,1.928227054095585
727,fiend,-0.6295502239044886
728,fiery,-0.14330886027746909
729,fifth,0.9070099512720882
730,fifty,0.5732849937419483
731,fight,1.2147674475082422
732,filer,-0.6071609012817194
733,filet,-0.7245279103479209
734,filly,-0.7713210245707446
735,filmy,-0.6391195943805406
736,filth,-0.08433452389631689
737,final,1.7711001534812745
738,finch,-0.14927142869487184
739,finer,-0.25579315774979194
740,first,2.628206976168512
741,fishy,-0.6381782127847362
742,fixer,-0.7206702124761286
743,fizzy,-1.2258580606275953
744,fjord,-0.8936623403463563
745,flack,-0.8678567018552635
746,flail,-1.3341213024673273
747,flair,-0.12139494328781619
748,flake,-0.5168426793481818
749,flaky,-0.8295705374282016
750,flame,0.5961040061831957
751,flank,-0.4819523928766792
752,flare,-0.05891710479981648
753,flash,1.599469161214813
754,flask,-0.3694119147757542
755,fleck,-0.8173407982147082
756,fleet,0.6901213642367815
757,flesh,0.48478539131544424
758,flick,-0.05106834872985002
759,flier,-0.7312812803739814
760,fling,-0.620566383528338
761,flint,0.12835520931272965
762,flirt,-0.14882792523856653
763,float,0.6117375207322364
764,flock,0.020900111812175617
765,flood,0.8343142319420616
766,floor,1.4834561638810377
767,flora,0.3147295196430816
768,floss,-0.43022613928174974
769,flour,0.35426539899050674
770,flout,-1.7021915165755779
771,flown,-0.16722586768032333
772,fluff,-0.5356862188277758
773,fluid,0.7972080802468683
774,fluke,-0.3616164880703864
775,flume,-1.279664545822195
776,flung,-0.5219730728363942
777,flunk,-1.6553248054835086
778,flush,0.39560783254462734
779,flute,0.24208977906109277
780,flyer,0.40353377464265494
781,foamy,-1.152434456062753
782,focal,0.41405342254234156
783,focus,1.5795809046473417
784,foggy,-0.6057068580456882
785,foist,-1.8267442870603774
786,folio,-0.1423800435262132
787,folly,-0.28581212852067606
788,foray,-0.7710596450726926
789,force,1.6701801077963179
790,forge,0.36019944872107795
791,forgo,-0.9561349944872098
792,forte,-0.15477987135899776
793,forth,1.0105139599661073
794,forty,0.5287382719312663
795,forum,2.2327134270809275
796,found,2.1881574990051575
797,foyer,-0.4167495789460479
798,frail,-0.6113584378032109
799,frame,1.4091669346539422
800,frank,1.2241925790250576
801,fraud,0.8802962633137782
802,freak,0.22009232487630848
803,freed,0.038864932801931665
804,freer,-0.7385072116658086
805,fresh,1.326069272755087
806,friar,-0.852405251903045
807,fried,0.27327437658591164
808,frill,-1.5481976318249573
809,frisk,-1.34310615413769
810,fritz,-0.03351523433857049
811,frock,-1.24905232842898
812,frond,-1.6161041079123561
813,front,1.7868180921052648
814,frost,0.4218987036671996
815,froth,-1.0529512353380701
816,frown,-0.5804041552249695
817,froze,-0.6871992953552412
818,fruit,1.0693752836354975
819,fudge,-0.11016465972175539
820,fugue,-0.87753269976224
821,fully,1.4349942594768477
822,fungi,-0.10259974588092789
823,funky,0.392340701500393
824,funny,1.2666281526294592
825,furor,-1.270165526996118
826,furry,-0.13070143193749556
827,fussy,-0.8369261751272303
828,fuzzy,0.36159211741259717
829,gaffe,-1.4099941206544064
830,gaily,-1.4153679833454353
831,gamer,0.1153812230828985
832,gamma,1.282459107574977
833,gamut,-0.7219738743645921
834,gassy,-1.7670281937724899
835,gaudy,-1.1072194896379812
836,gauge,0.6705747352319954
837,gaunt,-0.9588878443567785
838,gauze,-0.7195580636826364
839,gavel,-0.9391085852707719
840,gawky,-2.1088409376504385
841,gayer,-1.7763167023200301
842,gayly,-2.1387240402062297
843,gazer,-1.4210364063865295
844,gecko,-0.33697342086998683
845,geeky,-0.44273610546598663
846,geese,-0.3107091858105076
847,genie,-0.20203271352643806
848,genre,1.060334871014652
849,ghost,0.8516090888407528
850,ghoul,-1.110619148243739
851,giant,0.9313937428291176
852,giddy,-0.7871134931035914
853,gipsy,-0.8933776485382703
854,girly,-0.5574149750340072
855,girth,-0.7777484877953903
856,given,1.892194668442933
857,giver,-0.60971918574822
858,glade,-0.3619757367255376
859,gland,0.016454621449637573
860,glare,-0.22032649167728263
861,glass,1.5641577400028028
862,glaze,-0.2639340845517554
863,gleam,-0.9332936598710484
864,glean,-1.138964097487472
865,glide,-0.17229061409321364
866,glint,-1.0636185057491048
867,gloat,-1.4850900124231683
868,globe,0.8537615639915828
869,gloom,-0.4995172101735613
870,glory,0.8051656081333293
871,gloss,0.15671413258302208
872,glove,0.3104923875347844
873,glyph,-0.6577704623547037
874,gnash,-1.7899866046034127
875,gnome,0.7846271008303943
876,godly,-0.5914897480963842
877,going,1.9946577937261174
878,golem,-0.8272560667086801
879,golly,-0.971350567940116
880,gonad,-1.5678203663367727
881,goner,-1.6492030196449898
882,goody,-0.5861761717872063
883,gooey,-0.9629355419165851
884,goofy,-0.35411074124717895
885,goose,0.19880943290627084
886,gorge,-0.1149082797673251
887,gouge,-1.1234941563782688
888,gourd,-0.7688489033747842
889,grace,0.9464671726263313
890,grade,1.4880534231667462
891,graft,-0.21751707853561508
892,grail,-0.38114293350834716
893,grain,0.6845183531315098
894,grand,1.5082625951076558
895,grant,1.4249050253878455
896,grape,0.1855839210532455
897,graph,0.8849119071856323
898,grasp,0.13417111572956109
899,grass,0.7944305037060503
900,grate,-0.6282794627049241
901,grave,0.4960646093591005
902,gravy,-0.260721652808976
903,graze,-0.9225575936761516
904,great,2.3144076320864744
905,greed,-0.10338445184171118
906,green,1.8209384974535763
907,greet,-0.15779268712331224
908,grief,0.29366925449282943
909,grill,0.6849650981267073
910,grime,-0.7574196101146448
911,grimy,-1.3872604422786285
912,grind,0.0013456118611802443
913,gripe,-0.729304552761051
914,groan,-0.7970394574956706
915,groin,-0.5538076254027027
916,groom,0.030646880701468194
917,grope,-1.3195612119667188
918,gross,0.9124733294847318
919,group,2.345895026392975
920,grout,-0.6602702344223372
921,grove,0.8743285635392928
922,growl,-0.8091559678051238
923,grown,0.832665374983799
924,gruel,-1.641007287273441
925,gruff,-1.1296356593301327
926,grunt,-0.6698973812183423
927,guard,1.033590839638645
928,guava,-1.0868755684050524
929,guess,1.1817092711552044
930,guest,1.4970097327726868
931,guide,2.1478226242165688
932,guild,0.5607077699512509
933,guile,-0.42433100189687806
934,guilt,0.18369695583282328
935,guise,-0.5644491052730402
936,gulch,-0.6462350939992547
937,gully,-0.5439217938549172
938,gumbo,-0.8033018487902657
939,gummy,-1.0473831221057137
940,guppy,-1.1372294202760784
941,gusto,-0.7585682704649301
942,gusty,-1.2064437723443442
943,gypsy,-0.05657006690723248
944,habit,0.3271771543882362
945,hairy,0.9837374551503283
946,halve,-1.1240173431085354
947,handy,0.5614993311627846
948,happy,1.5634913039625649
949,hardy,0.31395485798790873
950,harem,-0.8369250696761499
951,harpy,-1.5138745344206066
952,harry,1.2607745283466132
953,harsh,0.2417332689985468
954,haste,-0.4088083411511547
955,hasty,-0.6087005754805912
956,hatch,0.21861548782700604
957,hater,-0.8029205465094629
958,haunt,-0.44401507969773163
959,haute,-0.13696340351980874
960,haven,0.699550969105524
961,havoc,-0.18331430098447754
962,hazel,0.06643662647503931
963,heady,-0.8386826194105068
964,heard,1.4023897034121082
965,heart,1.7331214208396681
966,heath,0.4377360283897994
967,heave,-1.02278923455886
968,heavy,1.3120264486774482
969,hedge,0.23624510362230797
970,hefty,-0.48478048522934425
971,heist,-0.8553272880362206
972,helix,0.07984224418184058
973,hello,1.2476840400033202
974,hence,0.8680321256912248
975,heron,-0.21734772528256208
976,hilly,-0.7601370797315186
977,hinge,-0.1646824897430899
978,hippo,-0.3711199508525431
979,hippy,-0.6761354228767628
980,hitch,0.04718392636514492
981,hoard,-0.8397933870836582
982,hobby,0.5794150623314527
983,hoist,-0.48487312452605397
984,holly,0.48941304099839866
985,homer,0.2640470422267031
986,honey,0.6718116765986049
987,honor,0.9225294410366939
988,horde,0.09689710053848793
989,horny,0.7751375816424634
990,horse,1.5237980998075833
991,hotel,2.3087596350847277
992,hotly,-0.9235171613441077
993,hound,-0.050606874050203136
994,house,2.1867106563820076
995,hovel,-1.6743972056844958
996,hover,-0.22460041413038867
997,howdy,-0.5907151311358521
998,human,2.0108011917522903
999,humid,-0.4242253529483969
1000,humor,0.9584291005968951
1001,humph,-1.7865801894266606
1002,humus,-1.245542514977293
1003,hunch,-0.9752395619625663
1004,hunky,-1.0509995509930694
1005,hurry,0.17198956148333175
1006,husky,-0.20823832334097855
1007,hussy,-1.6204667977923148
1008,hutch,-0.2840135099095129
1009,hydro,0.1970123250417085
1010,hyena,-1.069822826879961
1011,hymen,-0.9544786676310271
1012,hyper,0.11672234124190915
1013,icily,-2.295741184803431
1014,icing,-0.31875670475512324
1015,ideal,1.1340367627017918
1016,idiom,-0.7211098802930883
1017,idiot,0.3023746145626068
1018,idler,-0.9318592388179229
1019,idyll,-1.45604317247716
1020,igloo,-0.8812850484163777
1021,iliac,-1.2597803223877324
1022,image,2.1114668989665635
1023,imbue,-1.5226919230473994
1024,impel,-1.6167058222362678
1025,imply,0.28711017774583203
1026,inane,-0.9869460129378546
1027,inbox,0.4140915155900862
1028,incur,-0.10661577887089274
1029,index,2.2101256818360224
1030,inept,-0.8125983951296362
1031,inert,-0.46875082491854203
1032,infer,-0.38890506987884677
1033,ingot,-1.136693759321916
1034,inlay,-0.45360484163488923
1035,inlet,0.15762843686522313
1036,inner,0.9440010110098884
1037,input,1.5132789315858073
1038,inter,0.876855512955996
1039,intro,0.7582452664893081
1040,ionic,-0.15138712680077368
1041,irate,-1.0933604889025361
1042,irony,-0.05417514399694428
1043,islet,-0.7824783403409796
1044,issue,1.9031412261847116
1045,itchy,-0.3562535321235424
1046,ivory,0.5109717738862883
1047,jaunt,-1.262082534321468
1048,jazzy,-0.5154546616966612
1049,jelly,0.19351686162355494
1050,jerky,-0.5669798910177194
1051,jetty,-0.5657824242078923
1052,jewel,0.3937697336599168
1053,jiffy,-0.794717705809225
1054,joint,1.3266301893668782
1055,joist,-1.2253133035992223
1056,joker,-0.2438899743709887
1057,jolly,0.009008531048416828
1058,joust,-1.3190769573030685
1059,judge,1.2166661049668492
1060,juice,0.7176385318123284
1061,juicy,0.20387709110919147
1062,jumbo,0.1292933124160393
1063,jumpy,-1.2959570103502271
1064,junta,-0.6599577229009921
1065,junto,-1.4263101519209824
1066,juror,-0.5220702693808724
1067,kappa,0.05829417538652948
1068,karma,0.4914098957953795
1069,kayak,0.029014660472192484
1070,kebab,-1.1086666121497593
1071,khaki,-0.24739532111635149
1072,kinky,0.13182740026762263
1073,kiosk,-0.15137273369833584
1074,kitty,0.45891337301003154
1075,knack,-0.6696223126921302
1076,knave,-1.3525838663354826
1077,knead,-1.1335331474934764
1078,kneed,-1.710476966926197
1079,kneel,-0.8576608909519965
1080,knelt,-0.8441623532894419
1081,knife,0.7316744060091913
1082,knock,0.35735189668396866
1083,knoll,-0.45354147136951345
1084,known,1.7120901951227934
1085,koala,-0.47584775887480396
1086,krill,-1.1920515716584845
1087,label,1.3570852558722515
1088,labor,1.314556439505791
1089,laden,0.4238365134896905
1090,ladle,-0.9125440940490084
1091,lager,-0.41324262516519905
1092,lance,0.3855964141983517
1093,lanky,-1.3625279868210642
1094,lapel,-0.3823302593478938
1095,lapse,-0.25459305531196713
1096,large,2.0264223247119224
1097,larva,-0.8086574069600178
1098,lasso,-0.7047529923334105
1099,latch,-0.15950741653850123
1100,later,1.7034359720372336
1101,lathe,-0.40274972669324716
1102,latte,-0.5544617256607002
1103,laugh,0.6642384392227318
1104,layer,1.1499844543762099
1105,leach,-0.23600716584670148
1106,leafy,-0.6059587058916572
1107,leaky,-0.64372322485022
1108,leant,-1.5397887759153956
1109,leapt,-0.8650582944833636
1110,learn,2.0643066160654873
1111,lease,0.9336914896068853
1112,leash,-0.3066420045218905
1113,least,1.8338566672178402
1114,leave,1.6172206895814178
1115,ledge,-0.3662935841001318
1116,leech,-0.6096757233564255
1117,leery,-1.294489263657956
1118,lefty,-0.4473801282528134
1119,legal,1.951724325412331
1120,leggy,-1.2561469440029973
1121,lemon,0.6256649189193767
1122,lemur,-1.0368796313993682
1123,leper,-1.2110418881070903
1124,level,2.1227548676433496
1125,lever,0.17600461339464651
1126,libel,-0.5056976370392461
1127,liege,-0.6843878758087233
1128,light,1.8966145460672148
1129,liken,-1.411754466366987
1130,lilac,-0.17025178233195523
1131,limbo,-0.5165844315868489
1132,limit,1.3199212050989222
1133,linen,0.33498890219862354
1134,liner,0.2865568156351476
1135,lingo,-0.41090824942614934
1136,lipid,0.0350993610855848
1137,lithe,-1.399501030752769
1138,liver,0.7663027310258774
1139,livid,-1.0664365202074477
1140,llama,-0.42074627376875195
1141,loamy,-1.3912456619471136
1142,loath,-1.345751982838265
1143,lobby,0.49316730721025753
1144,local,2.26257150641133
1145,locus,0.09411465291936265
1146,lodge,1.0426971570656824
1147,lofty,-0.42791278736981475
1148,logic,1.0945862529271053
1149,login,1.9589686467162868
1150,loopy,-1.0798212060854062
1151,loose,0.7825930056552493
1152,lorry,-0.7250403458010911
1153,loser,0.010361042344455508
1154,louse,-1.2671572959271433
1155,lousy,-0.3930491245361353
1156,lover,0.6344928024281729
1157,lower,1.6282934636178856
1158,lowly,-0.7306832425751598
1159,loyal,0.2879180355106836
1160,lucid,-0.38855221531186024
1161,lucky,0.8368803889609379
1162,lumen,-0.60167405562107
1163,lumpy,-1.0220582411570367
1164,lunar,0.18207205451647157
1165,lunch,1.025995959330924
1166,lunge,-1.2145697125274268
1167,lupus,-0.2291643451677315
1168,lurch,-1.2006060606069386
1169,lurid,-1.152811162475917
1170,lusty,-0.6072343364553043
1171,lying,0.5807935539813329
1172,lymph,-0.15843435353657123
1173,lyric,0.4989265519372981
1174,macaw,-1.082792939233401
1175,macho,-0.5458582690425695
1176,macro,0.6673382515784803
1177,madam,-0.09712442860720091
1178,madly,-0.7289730868971797
1179,mafia,0.03575491406305699
1180,magic,1.299172602050778
1181,magma,-0.4404378091338416
1182,maize,-0.05202689241180337
1183,major,1.8807322345702429
1184,maker,0.9181662045799235
1185,mambo,0.3544576547787039
1186,mamma,-0.28566277939976004
1187,mammy,-1.3647802583212323
1188,manga,0.7908679552623781
1189,mange,-1.1039956185620439
1190,mango,-0.0630340427085985
1191,mangy,-1.8286963841652706
1192,mania,0.19223270182223137
1193,manic,-0.2582446173290897
1194,manly,-0.32525871360863035
1195,manor,0.5067727892792092
1196,maple,0.6584177502130947
1197,march,2.003871127572189
1198,marry,0.27591137550946593
1199,marsh,0.34581500050466346
1200,mason,0.6462111809830597
1201,masse,-0.7558642792278022
1202,match,1.4814135664134864
1203,matey,-1.524861807096141
1204,mauve,-0.6911638581749533
1205,maxim,0.2091501769920951
1206,maybe,1.4664473871395958
1207,mayor,0.8692685528767164
1208,mealy,-1.4718747337783402
1209,meant,0.951651426193875
1210,meaty,-0.8843612857772406
1211,mecca,-0.31097747257249925
1212,medal,0.5498454013355761
1213,media,2.1546707845368793
1214,medic,-0.3810390420289831
1215,melee,-0.4204662156489857
1216,melon,-0.29033488534801266
1217,mercy,0.4892096897127943
1218,merge,0.4235912267353552
1219,merit,0.4616073920907476
1220,merry,0.45530144394435423
1221,metal,1.504692895931024
1222,meter,1.0716501991074563
1223,metro,0.9755275447699409
1224,micro,1.0576494486464285
1225,midge,-1.003223809080473
1226,midst,0.15031357208967094
1227,might,1.8830998645863402
1228,milky,-0.23632624606946448
1229,mimic,-0.35414321675571675
1230,mince,-0.9739980127923089
1231,miner,-0.042846115442166155
1232,minim,-1.303232627986651
1233,minor,1.1988249999272045
1234,minty,-1.1688321224899316
1235,minus,0.5027202985222605
1236,mirth,-0.9013134624770949
1237,miser,-1.1616964676386643
1238,missy,-0.1210792156989253
1239,mocha,-0.46997588516605765
1240,modal,-0.17585954622666475
1241,model,2.0126942825525367
1242,modem,0.8989144627512397
1243,mogul,-0.5734804715014514
1244,moist,-0.07004880527653994
1245,molar,-0.6442380409401922
1246,moldy,-1.1923727309195358
1247,money,2.0924164877767333
1248,month,1.8824420630029735
1249,moody,0.20356351405325346
1250,moose,0.17799643528114084
1251,moral,0.8226008702395948
1252,moron,-0.42850216394327784
1253,morph,-0.5692930602097741
1254,mossy,-0.8006339201922231
1255,motel,0.6311249971151862
1256,motif,0.08641451553658444
1257,motor,1.3483346869780706
1258,motto,-0.12897889686796413
1259,moult,-1.6841920613609627
1260,mound,-0.04394494886058306
1261,mount,1.298797820780605
1262,mourn,-0.5571773550736138
1263,mouse,1.257906804088448
1264,mouth,1.0717647124331529
1265,mover,-0.03351627789867733
1266,movie,2.0042966964319704
1267,mower,-0.21648568039752544
1268,mucky,-1.4948875181876198
1269,mucus,-0.6826326099912972
1270,muddy,-0.13769758970243368
1271,mulch,-0.5247905067676552
1272,mummy,-0.13286547510148855
1273,munch,-0.6093185144402251
1274,mural,-0.28604258328445237
1275,murky,-0.7409449648899146
1276,mushy,-1.058430369747594
1277,music,2.467280651242046
1278,musky,-1.2699048473979113
1279,musty,-1.1299644943636
1280,myrrh,-1.0253335981708502
1281,nadir,-0.9384558225310058
1282,naive,-0.14073811648021473
1283,nanny,0.09671044634624713
1284,nasal,0.011676704443608243
1285,nasty,0.5300223345973772
1286,natal,0.094243718465955
1287,naval,0.5708202454642575
1288,navel,-0.24042821542036302
1289,needy,-0.1995488122232756
1290,neigh,-1.18572307386356
1291,nerdy,-0.8420796131924576
1292,nerve,0.4702349167365747
1293,never,1.9765465907467499
1294,newer,0.5093637452055512
1295,newly,1.0327786301854722
1296,nicer,-0.33344573470201155
1297,niche,0.23117178032124705
1298,niece,-0.3690320088398863
1299,night,1.9109739037671292
1300,ninja,0.2815500345962302
1301,ninny,-2.003708696655557
1302,ninth,0.2761776314201714
1303,noble,0.7844305771320105
1304,nobly,-1.4636402612070163
1305,noise,1.1177579446001165
1306,noisy,0.1966815618532758
1307,nomad,-0.2671375709520302
1308,noose,-0.9054220194306503
1309,north,2.1577272687354276
1310,nosey,-1.412053344764512
1311,notch,0.1389329202998645
1312,novel,1.048922463506304
1313,nudge,-0.4653114639653887
1314,nurse,0.9220958935630104
1315,nutty,-0.6181528842766728
1316,nylon,0.6922439142458392
1317,nymph,-0.6105616122242056
1318,oaken,-1.7248222645476323
1319,obese,-0.18869416451797652
1320,occur,1.108238817302911
1321,ocean,1.2323586854036361
1322,octal,-0.7184138959900115
1323,octet,-0.039496730085067246
1324,odder,-1.7861124961421553
1325,oddly,-0.27976958981079547
1326,offal,-1.2261133177506498
1327,offer,1.8948209229010868
1328,often,1.745261033143786
1329,olden,-0.9886513393372064
1330,older,1.3893332227382864
1331,olive,0.6378026145371549
1332,ombre,-1.1184756664204347
1333,omega,0.6866067487496842
1334,onion,0.4566388061616854
1335,onset,0.21396433483602875
1336,opera,0.962136771544821
1337,opine,-1.5301712297924568
1338,opium,-0.299277484317936
1339,optic,0.2943067055833293
1340,orbit,0.3749327292256621
1341,order,2.3675454976082233
1342,organ,0.6262237107611839
1343,other,2.881775827570043
1344,otter,-0.19189316116169666
1345,ought,0.5357181350743433
1346,ounce,0.13392492937067316
1347,outdo,-1.36270896651462
1348,outer,0.7294276019381283
1349,outgo,-2.066333539533118
1350,ovary,-0.43530132479183553
1351,ovate,-1.3716981553286458
1352,overt,-0.5030860926423614
1353,ovine,-1.3619525940752333
1354,ovoid,-1.5226735758841394
1355,owing,-0.015041395657516193
1356,owner,1.5216110663232565
1357,oxide,0.36883809770389153
1358,ozone,0.4157423690014267
1359,paddy,-0.18997572085806813
1360,pagan,0.20727454331998324
1361,paint,1.0512512979484494
1362,paler,-1.342285260156247
1363,palsy,-0.27140592309602146
1364,panel,1.4836760236642808
1365,panic,0.4575218943323394
1366,pansy,-0.8540129277205643
1367,papal,-0.5725291870283424
1368,paper,1.926979671539217
1369,parer,-2.0123983120768023
1370,parka,-0.6167332453695238
1371,parry,-0.28454589065693237
1372,parse,0.1935661139599128
1373,party,1.9606613150770966
1374,pasta,0.41493481008008254
1375,paste,0.6174158106071488
1376,pasty,-1.142525236423704
1377,patch,1.340970490712479
1378,patio,0.54235351329638
1379,patsy,-0.40665370958245795
1380,patty,-0.02716977670944064
1381,pause,0.2992967829112021
1382,payee,-0.6735569387887469
1383,payer,-0.2614211005161243
1384,peace,1.4273945891979154
1385,peach,0.22375910909414767
1386,pearl,0.9747210777746046
1387,pecan,-0.38305604473238625
1388,pedal,0.20193404666595513
1389,penal,-0.25207037227699286
1390,pence,-0.4323343085503184
1391,penne,-0.8784029876244623
1392,penny,0.5120076023449676
1393,perch,-0.3350319106239162
1394,peril,-0.3258440513198581
1395,perky,-0.28863272205330043
1396,pesky,-0.667670092901293
1397,pesto,-0.7504690515191966
1398,petal,-0.48979898298607344
1399,petty,0.12307475434885559
1400,phase,1.3496060227090636
1401,phone,2.2367973745937175
1402,phony,-0.5654462310643696
1403,photo,2.177911023903511
1404,piano,0.9927384532681167
1405,picky,-0.6010671902407819
1406,piece,1.3901685742099401
1407,piety,-0.686725537775506
1408,piggy,-0.41153616895449985
1409,pilot,1.0508761879335529
1410,pinch,-0.08322905890004913
1411,piney,-0.8848775346161545
1412,pinky,-0.6278351285464321
1413,pinto,-0.38701862376410107
1414,piper,0.1453310412944982
1415,pique,-0.6339352220230416
1416,pitch,0.6631619905759312
1417,pithy,-1.2264381606036967
1418,pivot,-0.17142847472286013
1419,pixel,0.6119861200519296
1420,pixie,-0.4190562841340439
1421,pizza,0.8606288246213085
1422,place,2.1646705522462333
1423,plaid,-0.18705910844946483
1424,plain,1.0896865816598371
1425,plait,-1.531211223100126
1426,plane,0.950753307340144
1427,plank,-0.3234258175755555
1428,plant,1.4788420977776022
1429,plate,1.1002911517940042
1430,plaza,0.8443800981259062
1431,plead,-0.3796870624449556
1432,pleat,-1.0735274079023396
1433,plied,-1.1182338370996723
1434,plier,-1.0842847824021231
1435,pluck,-0.49218360429425423
1436,plumb,-0.6581929306519699
1437,plume,-0.32197111076913887
1438,plump,0.15104601924080713
1439,plunk,-1.514654308548033
1440,plush,0.3082682255203809
1441,poesy,-1.7756107194008712
1442,point,2.053714747138096
1443,poise,-0.9577842485369645
1444,poker,1.9054908755092996
1445,polar,0.5478777680998923
1446,polka,-0.33214392829000594
1447,polyp,-1.2173561540700706
1448,pooch,-0.9449959135678305
1449,poppy,-0.1521441698782014
1450,porch,0.15587065455614604
1451,poser,-0.2882809700072302
1452,posit,-1.029100560509241
1453,posse,-0.41868297828630613
1454,pouch,0.23415168857794058
1455,pound,0.8217707340930896
1456,pouty,-1.7196660585465013
1457,power,2.1767874895583543
1458,prank,-0.5295180815882212
1459,prawn,-0.7605491855169476
1460,preen,-1.6947404131515504
1461,press,2.064909083079012
1462,price,2.5597972934929056
1463,prick,-0.49226145689851575
1464,pride,0.8495437671014707
1465,pried,-1.637240264313099
1466,prime,1.3201490895824368
1467,primo,-0.48115336832799854
1468,print,2.061133727703959
1469,prior,1.5595048303597507
1470,prism,0.03249695154693262
1471,privy,-0.5805996026709291
1472,prize,0.9055096000253267
1473,probe,0.6553913846142233
1474,prone,0.09280876429055158
1475,prong,-0.4091772585189166
1476,proof,1.1389862175554668
1477,prose,0.10624065843699579
1478,proud,0.9333242171998192
1479,prove,0.9007890431752621
1480,prowl,-0.9519135768579515
1481,proxy,0.7087567534657111
1482,prude,-1.5796763796887323
1483,prune,-0.6167402456674519
1484,psalm,-0.052471494017465724
1485,pubic,-0.4751114808052993
1486,pudgy,-1.6002432036468848
1487,puffy,0.16536013320325432
1488,pulpy,-1.9751758363048701
1489,pulse,0.9794993321424794
1490,punch,0.49214231011864223
1491,pupil,0.2510071728971666
1492,puppy,0.4771468457427867
1493,puree,-0.8338715621365808
1494,purer,-1.366220227372029
1495,purge,-0.28646678119881164
1496,purse,0.38377857569475865
1497,pushy,-1.0935148397328152
1498,putty,-0.406465880061278
1499,pygmy,-0.8526404653678663
1500,quack,-0.7856671705825524
1501,quail,-0.318242077437171
1502,quake,0.29278329414452775
1503,qualm,-2.0560006266731827
1504,quark,-0.03822837728345752
1505,quart,-0.10225974195734608
1506,quash,-1.2009823823867722
1507,quasi,0.06009319272487609
1508,queen,1.238926523102034
1509,queer,0.04505714160755109
1510,quell,-1.0287613789891452
1511,query,1.222532151948745
1512,quest,0.8438470000457352
1513,queue,0.5276650029439898
1514,quick,1.7075451328945535
1515,quiet,0.9213696072298915
1516,quill,-0.5503283128708083
1517,quilt,0.35652217663407193
1518,quirk,-0.828045495286543
1519,quite,1.5264621007982593
1520,quota,0.13054524257850803
1521,quote,1.9421071341898333
1522,quoth,-1.0455645812064198
1523,rabbi,0.16536745475623804
1524,rabid,-0.6729319692280782
1525,racer,0.18384787148645348
1526,radar,0.8677118835840195
1527,radii,-0.7027321219672874
1528,radio,1.8426827902394045
1529,rainy,-0.0012276840068318614
1530,raise,1.032724112898035
1531,rajah,-1.3288557276714583
1532,rally,0.6303514100628691
1533,ralph,0.7683358463968598
1534,ramen,-0.9111223232433245
1535,ranch,0.698201114670085
1536,randy,0.5719339105113743
1537,range,1.9027198816776187
1538,rapid,0.9839915710536462
1539,rarer,-1.0231307446281117
1540,raspy,-1.5225726789695357
1541,ratio,1.141779073817293
1542,ratty,-1.3553763835160797
1543,raven,0.3018244639612401
1544,rayon,-0.46947641057910944
1545,razor,0.16022291974425407
1546,reach,1.2860006624279021
1547,react,0.2462699103006308
1548,ready,1.557344519866176
1549,realm,0.43644774281054094
1550,rearm,-1.9249200730595806
1551,rebar,-1.0476740417894423
1552,rebel,0.46731957926073114
1553,rebus,-1.1513485517658273
1554,rebut,-1.1342250669637355
1555,recap,0.06993737677259108
1556,recur,-0.90552652175042
1557,recut,-1.3608989418247233
1558,reedy,-0.9906196496301495
1559,refer,1.1533293482796572
1560,refit,-1.2183723044381751
1561,regal,-0.048846817837099106
1562,rehab,0.4623118226505697
1563,reign,0.1676970963741769
1564,relax,0.6143722657236023
1565,relay,0.6366021661482807
1566,relic,-0.4628940644101797
1567,remit,-0.38578545722829416
1568,renal,0.28741128584127185
1569,renew,0.46976966679480836
1570,repay,-0.16809376015716324
1571,repel,-0.8332315804774424
1572,reply,2.0784655771058174
1573,rerun,-0.5666296126421317
1574,reset,0.6738836102556378
1575,resin,0.3355993354957923
1576,retch,-2.0151048504831905
1577,retro,0.5653413169164889
1578,retry,-0.47888672882692507
1579,reuse,0.2252693362615576
1580,revel,-0.7284432152498515
1581,revue,-0.31406738918868327
1582,rhino,0.027204143635593144
1583,rhyme,-0.2316414166527271
1584,rider,0.6214405719187074
1585,ridge,0.899184080007189
1586,rifle,0.3433685912559281
1587,right,2.2676664172116876
1588,rigid,0.2593631976450602
1589,rigor,-0.7579419862179433
1590,rinse,-0.1310955894042251
1591,ripen,-1.2341596333024758
1592,riper,-1.6912658223187855
1593,risen,0.027337896756976014
1594,riser,-0.45150956356086236
1595,risky,-0.012399871600735657
1596,rival,0.2659335177377138
1597,river,1.668008907162749
1598,rivet,-0.6696621566463778
1599,roach,0.09545230943370228
1600,roast,0.12455360826597446
1601,robin,0.7370291810923153
1602,robot,0.7864007087550289
1603,rocky,0.6919730150451597
1604,rodeo,0.1787847653486482
1605,roger,0.8795015119951813
1606,rogue,0.2961460948083824
1607,roomy,-0.7041995551813085
1608,roost,-0.676617901698122
1609,rotor,-0.10204026345548699
1610,rouge,0.43342257969719256
1611,rough,0.7426175595599286
1612,round,1.550912552242692
1613,rouse,-0.5369742241835064
1614,route,1.2249127706331189
1615,rover,0.5966420706459437
1616,rowdy,-0.7608521240330565
1617,rower,-1.125009146805303
1618,royal,1.4020784643535609
1619,ruddy,-0.8936038964322468
1620,ruder,-1.5990862405044122
1621,rugby,0.7990232850426258
1622,ruler,0.026544770625981932
1623,rumba,-0.8724519994996647
1624,rumor,-0.003888388587865177
1625,rupee,0.06478305714035883
1626,rural,1.2181156430319913
1627,rusty,0.05608583211797951
1628,sadly,0.21971681392482217
1629,safer,0.34694756334181737
1630,saint,1.3278956264973814
1631,salad,0.6179913725967647
1632,sally,0.4212786773357362
1633,salon,0.6766636291084757
1634,salsa,0.2586849469622891
1635,salty,-0.3503978296256417
1636,salve,-0.8511261493066874
1637,salvo,-0.8167976530815007
1638,sandy,0.6679050741768797
1639,saner,-1.6277356022386742
1640,sappy,-1.1744733746800198
1641,sassy,-0.19316029993704123
1642,satin,0.47412721935616103
1643,satyr,-1.3953697576270807
1644,sauce,0.7174278536294715
1645,saucy,-0.7960330408823505
1646,sauna,0.25505170596556176
1647,saute,-0.7280558945586703
1648,savor,-0.7650162436043922
1649,savoy,-0.3306279098787959
1650,savvy,0.11465202061829893
1651,scald,-1.5377353154542908
1652,scale,1.4115407856498892
1653,scalp,-0.28975700234263846
1654,scaly,-1.0627805437297637
1655,scamp,-0.5377846931269885
1656,scant,-0.730861511515691
1657,scare,0.08823107999759815
1658,scarf,0.1208849726809658
1659,scary,0.3909933186321771
1660,scene,1.1921409583334621
1661,scent,0.13522916872072843
1662,scion,-0.04700537175368033
1663,scoff,-1.2693649289834155
1664,scold,-1.2902004216387786
1665,scone,-1.1820464665940715
1666,scoop,0.36438244134180764
1667,scope,1.0815449083861992
1668,score,1.6059322318190374
1669,scorn,-0.6649375146797574
1670,scour,-0.8647806337330232
1671,scout,0.44063234367217186
1672,scowl,-1.4775466151079069
1673,scram,-1.3851387359108462
1674,scrap,0.20108562392372378
1675,scree,-1.3562913438295352
1676,screw,0.5758925807068884
1677,scrub,-0.02294389806217555
1678,scrum,-0.8482124235266253
1679,scuba,0.45524936499715435
1680,sedan,0.3160509398414949
1681,seedy,-1.0418566199776729
1682,segue,-1.1365537615443118
1683,seize,-0.12524786373753824
1684,semen,-0.22458769312743687
1685,sense,1.4732162213896067
1686,sepia,-0.5810004854031539
1687,serif,-0.07712102623594463
1688,serum,0.4148921741621051
1689,serve,1.2994495801131507
1690,setup,1.0853570418830463
1691,seven,1.3893639215402238
1692,sever,-0.6182385468473934
1693,sewer,0.3396676921837797
1694,shack,0.04890082202478714
1695,shade,0.5007592484445181
1696,shady,-0.08865225823418968
1697,shaft,0.46014665434184204
1698,shake,0.48978573468131864
1699,shaky,-0.5647638635106159
1700,shale,-0.5629453781746077
1701,shall,2.096852375690143
1702,shalt,-0.139218703960229
1703,shame,0.48596387800274227
1704,shank,-0.3061423506716738
1705,shape,1.1273066980972908
1706,shard,-1.0376904777325744
1707,share,1.8675895205494404
1708,shark,0.4189504885007878
1709,sharp,1.1126124435532445
1710,shave,0.019959411823840412
1711,shawl,-0.43120404059909256
1712,shear,0.07399999986612955
1713,sheen,-0.3802897122592902
1714,sheep,0.6200893629333413
1715,sheer,0.47874935070550223
1716,sheet,1.3901291900168709
1717,sheik,-0.6855096689002341
1718,shelf,0.731218094326663
1719,shell,1.0211517324211152
1720,shied,-1.5301386205643766
1721,shift,1.0023598611274036
1722,shine,0.41710294449014246
1723,shiny,0.12263418181756115
1724,shire,0.03558514195228109
1725,shirk,-1.2266589803432237
1726,shirt,1.3469837694450222
1727,shoal,-0.8377847705152203
1728,shock,0.8634474812209633
1729,shone,-0.6057184894221656
1730,shook,0.07918192717099232
1731,shoot,0.7878951052241866
1732,shore,0.7830447254982723
1733,shorn,-1.3764697190759494
1734,short,1.8140686659999627
1735,shout,0.22714842343368621
1736,shove,-0.5166435774462513
1737,shown,1.6020282766006746
1738,showy,-1.0254888786174796
1739,shrew,-0.8996347202740158
1740,shrub,-0.2550307629778606
1741,shrug,-0.5948020184834941
1742,shuck,-1.473773148615971
1743,shunt,-0.6796840715104787
1744,shush,-1.7924529339229252
1745,shyly,-1.1817434174196009
1746,siege,0.00830654677272213
1747,sieve,-0.5145188862726151
1748,sight,0.8124957322323144
1749,sigma,0.7552615073861051
1750,silky,-0.16728894948561918
1751,silly,0.4893863838021554
1752,since,2.1499053185536843
1753,sinew,-1.6860038941743334
1754,singe,-1.5144513556873667
1755,siren,-0.29048960260375256
1756,sissy,-0.270924401263104
1757,sixth,0.6690026686544633
1758,sixty,0.3242928277233452
1759,skate,0.33222946093630235
1760,skier,-0.5078060443286576
1761,skiff,-1.0471641925313133
1762,skill,0.8943883675903448
1763,skimp,-1.512399573500371
1764,skirt,0.6719778946801118
1765,skulk,-2.2339323129461977
1766,skull,0.28352277908412993
1767,skunk,-0.4679749158336963
1768,slack,-0.11391541775793011
1769,slain,-0.3174450192963602
1770,slang,-0.14882819036988998
1771,slant,-0.30555512029150994
1772,slash,0.08216661274397638
1773,slate,0.2083194287423084
1774,sleek,0.047989124849484026
1775,sleep,1.1940915578903528
1776,sleet,-1.0088590053497344
1777,slept,-0.020804116103761105
1778,slice,0.3016410448951402
1779,slick,-0.020431852902583123
1780,slide,1.0602268641819634
1781,slime,-0.5042143619965829
1782,slimy,-0.9473533373227039
1783,sling,-0.18428958413968954
1784,slink,-1.2217185300738114
1785,sloop,-1.0243344627351663
1786,slope,0.4630307187736516
1787,slosh,-1.8650711152608355
1788,sloth,-0.7525031666187786
1789,slump,-0.49916550091936923
1790,slung,-1.098672503325449
1791,slunk,-1.9861014489055697
1792,slurp,-0.7748232619356026
1793,slush,-0.8911012002820374
1794,slyly,-1.5299057616516083
1795,smack,-0.2571363155222506
1796,small,2.136379260478137
1797,smart,1.2986439118764974
1798,smash,0.12253258176499747
1799,smear,-0.314278873438016
1800,smell,0.4757254147848799
1801,smelt,-1.0153702127005657
1802,smile,0.8313495971954953
1803,smirk,-0.8738821428237942
1804,smite,-1.0671346942074695
1805,smith,1.562624778680783
1806,smock,-1.1657429172677574
1807,smoke,0.9161860204745673
1808,smoky,-0.14870465497378543
1809,smote,-1.056758099105915
1810,snack,0.21250251940649523
1811,snail,-0.21617946545707886
1812,snake,0.5410158972105478
1813,snaky,-2.357653385267554
1814,snare,-0.30609421419754623
1815,snarl,-1.2509799736650995
1816,sneak,-0.039439677507406685
1817,sneer,-1.2039088826525601
1818,snide,-1.1285674800700916
1819,sniff,-0.41730971660828575
1820,snipe,-0.8483165462119839
1821,snoop,0.05717173001689973
1822,snore,-1.0265903529962574
1823,snort,-0.2341002727117397
1824,snout,-1.0891593515512785
1825,snowy,-0.20085192117235504
1826,snuck,-1.0598784100921539
1827,snuff,-0.508821186531982
1828,soapy,-1.0114386508406517
1829,sober,-0.18889465137855438
1830,soggy,-0.9689036233041073
1831,solar,1.0170275944430536
1832,solid,1.3089240093826446
1833,solve,0.8157904395342405
1834,sonar,-0.2951209650713656
1835,sonic,0.5211298746512086
1836,sooth,-1.3805029201610535
1837,sooty,-1.1659966784882125
1838,sorry,1.2847552436509508
1839,sound,1.7826175272890556
1840,south,2.201625945939823
1841,sower,-1.3934611330297668
1842,space,1.876440034910454
1843,spade,-0.22018258769940394
1844,spank,0.37733610107433607
1845,spare,0.6733297020728
1846,spark,0.3233869225337903
1847,spasm,-0.8889647446401584
1848,spawn,-0.12525569040693002
1849,speak,1.2231540961124243
1850,spear,0.08331494355750978
1851,speck,-0.5703778341323839
1852,speed,1.6935543164838243
1853,spell,0.5948904519865471
1854,spelt,-0.8419645412570949
1855,spend,1.146408323333369
1856,spent,1.197801682552114
1857,sperm,0.42221060690143747
1858,spice,0.509187458624518
1859,spicy,0.11932352253177157
1860,spied,-1.0261841675323644
1861,spiel,-0.537234731841116
1862,spike,0.3224890828547949
1863,spiky,-1.2603335543162946
1864,spill,0.21792045949254274
1865,spilt,-1.1780924436871412
1866,spine,0.3732316680257058
1867,spiny,-0.9210757405680452
1868,spire,-0.5915256217110305
1869,spite,0.287308005616028
1870,splat,-0.9414194658454881
1871,split,1.0068840017173883
1872,spoil,-0.26806060967641504
1873,spoke,0.7434813502643728
1874,spoof,-0.48361071714682685
1875,spook,-0.987988447893984
1876,spool,-0.24157133949568024
1877,spoon,0.231328177442715
1878,spore,-0.6918587519761883
1879,sport,1.557470125097832
1880,spout,-0.48459792081873626
1881,spray,0.8730144984786988
1882,spree,-0.341765142294412
1883,sprig,-1.3715439364118591
1884,spunk,-0.8725293569775407
1885,spurn,-1.6581537871006757
1886,spurt,-0.9771345198884696
1887,squad,0.6082296549771339
1888,squat,-0.47436330132463944
1889,squib,-1.4877532262113151
1890,stack,0.7227564641181169
1891,staff,1.982937332724367
1892,stage,1.4721959309180874
1893,staid,-1.2262893504404027
1894,stain,0.16868851014301922
1895,stair,-0.09976354482713673
1896,stake,0.34475565572423905
1897,stale,-0.40617635867957674
1898,stalk,-0.46868388697921054
1899,stall,-0.07599868468620999
1900,stamp,0.6611866541433276
1901,stand,1.4113865567155595
1902,stank,-1.5429978830647713
1903,stare,-0.1210374179557212
1904,stark,0.16406232445929148
1905,start,2.0148052679011883
1906,stash,-0.2244527470649074
1907,state,2.510744528314081
1908,stave,-0.9246045992081887
1909,stead,-0.5919476692945066
1910,steak,0.27870854285585056
1911,steal,0.44693767669831885
1912,steam,0.7249558778500313
1913,steed,-0.6075769530129573
1914,steel,1.4432087818365924
1915,steep,0.15288553701890747
1916,steer,-0.06569591222263232
1917,stein,0.21827930096937168
1918,stern,0.3031808659521542
1919,stick,1.0615204476872677
1920,stiff,0.16593929728653536
1921,still,2.0929948894679935
1922,stilt,-1.2412797778110058
1923,sting,0.05476137449579845
1924,stink,-0.5024218825055464
1925,stint,-0.5118721853707443
1926,stock,2.055818051305576
1927,stoic,-1.064137216117528
1928,stoke,0.014819036541679329
1929,stole,0.061835860562043904
1930,stomp,-0.3619666594093124
1931,stone,1.3701331522696756
1932,stony,-0.1255552191222641
1933,stood,0.7238717760339153
1934,stool,0.09774012476790235
1935,stoop,-0.9286031913486408
1936,store,2.297856051689359
1937,stork,-0.5895770389721158
1938,storm,1.0581314034353022
1939,story,1.939300951590303
1940,stout,-0.11757208468450817
1941,stove,0.22090919721332314
1942,strap,0.7366377440883396
1943,straw,0.22621789249116933
1944,stray,-0.15153294783349575
1945,strip,0.9748268440120063
1946,strut,-0.3211955423158348
1947,stuck,0.628510284850873
1948,study,1.9874481626524219
1949,stuff,1.6836491861825906
1950,stump,-0.28967211974091667
1951,stung,-0.8728365291742267
1952,stunk,-1.6758824822748566
1953,stunt,-0.16579758285070603
1954,style,1.787476500388395
1955,suave,-0.9610668891700264
1956,sugar,1.0626209475054575
1957,suing,-0.5348137074826153
1958,suite,1.3959096441205059
1959,sulky,-1.3311128471821947
1960,sully,-0.8122695334867419
1961,sumac,-1.2604533275229701
1962,sunny,0.6480182053337333
1963,super,1.5874225119742071
1964,surer,-1.6949174248864602
1965,surge,0.37916736485736846
1966,surly,-0.9131134609779226
1967,sushi,0.16536621148149633
1968,swami,-0.4875877871796544
1969,swamp,0.019123727274919535
1970,swarm,-0.3660534258568903
1971,swash,-1.075110383121685
1972,swath,-0.834304552934248
1973,swear,0.10568967741316485
1974,sweat,0.2935392489303439
1975,sweep,0.1836864498121023
1976,sweet,1.2381080240654374
1977,swell,-0.05390246849891409
1978,swept,0.025907003885063742
1979,swift,0.41448776852063224
1980,swill,-1.5865344175789868
1981,swine,-0.21676736250230508
1982,swing,0.7893675873521279
1983,swirl,-0.32886272426714136
1984,swish,-0.462023408922886
1985,swoon,-1.1074500398022378
1986,swoop,-0.8032843228825696
1987,sword,0.6132141063349444
1988,swore,-0.6342247684876321
1989,sworn,-0.028683646178816812
1990,swung,-0.5055280950873329
1991,synod,-0.3929672749112051
1992,syrup,0.10970118087032181
1993,tabby,-0.7665995309443112
1994,table,2.024902302172179
1995,taboo,0.1053066198998203
1996,tacit,-0.6876443226342164
1997,tacky,-0.7528020163216576
1998,taffy,-0.8653021117442621
1999,taint,-0.9095080694750194
2000,taken,1.7155600500522563
2001,taker,-0.6626097734620623
2002,tally,-0.15018571736573394
2003,talon,-0.5105977920360296
2004,tamer,-0.9351157498564447
2005,tango,0.04670811262111717
2006,tangy,-0.9658417265912165
2007,taper,-0.31258475082452186
2008,tapir,-1.6146919190871782
2009,tardy,-1.0120408113683077
2010,tarot,0.17530564134683618
2011,taste,0.9373453100586845
2012,tasty,0.1758854176733805
2013,tatty,-1.4197899188335894
2014,taunt,-1.0249170399794132
2015,tawny,-0.6811572860263826
2016,teach,0.984221759750867
2017,teary,-1.3934085157315943
2018,tease,-0.09814960513271172
2019,teddy,0.39361508046180393
2020,teeth,0.661629305282086
2021,tempo,0.14911301850405242
2022,tenet,-0.5242222341911023
2023,tenor,-0.022722205778826072
2024,tense,-0.03105102353197195
2025,tenth,0.14105067088079157
2026,tepee,-1.861222389690758
2027,tepid,-1.1650130053119427
2028,terra,0.19987975749604797
2029,terse,-1.0372480288029617
2030,testy,-1.2979670222463644
2031,thank,1.5616855903982074
2032,theft,0.7897570805884119
2033,their,2.7742749586230198
2034,theme,1.3062574897204495
2035,there,2.721170786576364
2036,these,2.5961936948836044
2037,theta,0.3455840053150225
2038,thick,0.8360791803487156
2039,thief,0.08791678983284323
2040,thigh,-0.06321003770660208
2041,thing,1.7701248072019728
2042,think,2.157831333461993
2043,third,1.7603208749817743
2044,thong,0.549886644030683
2045,thorn,-0.2672623034348191
2046,those,2.2612724724582893
2047,three,2.16997844671253
2048,threw,0.27839976101369074
2049,throb,-1.1823678163605802
2050,throw,0.8918528686675279
2051,thrum,-2.1581821371461714
2052,thumb,0.5201692649395173
2053,thump,-0.8146311732368136
2054,thyme,-0.4330677766951611
2055,tiara,-0.47526386592371483
2056,tibia,-0.6666006649011011
2057,tidal,-0.042030322993584716
2058,tiger,0.8268027612668637
2059,tight,0.9556593782831908
2060,tilde,-0.9500549422558169
2061,timer,0.5334985623410613
2062,timid,-0.6391203276897477
2063,tipsy,-1.051232301528264
2064,titan,0.22818582179394611
2065,tithe,-0.9301419405862953
2066,title,2.1085395812847385
2067,toast,0.13308961261447771
2068,today,2.2030178779625027
2069,toddy,-1.4131739652267072
2070,token,0.3996235048420237
2071,tonal,-0.6038446732967898
2072,tonga,0.3204549216888689
2073,tonic,-0.2769424841208649
2074,tooth,0.38920548508098557
2075,topaz,-0.025269843159121338
2076,topic,1.97475464200733
2077,torch,0.14729343903294706
2078,torso,-0.16176802961893877
2079,torus,-0.7613442150000026
2080,total,2.168319079133197
2081,totem,-0.45887668238016105
2082,touch,1.3011953856669336
2083,tough,0.8196716138355458
2084,towel,0.3292474052077989
2085,tower,1.0231968445724589
2086,toxic,0.6255819400153894
2087,toxin,-0.2427278127897577
2088,trace,0.7484232788125202
2089,track,1.8388371310728466
2090,tract,0.4183454521304854
2091,trade,1.8288777475956135
2092,trail,1.0876856338532621
2093,train,1.2306686633118131
2094,trait,-0.17956219494599351
2095,tramp,-0.39630620334987793
2096,trash,0.5073246980353588
2097,trawl,-0.7218075678363465
2098,tread,-0.18893441299347047
2099,treat,0.9932930048008041
2100,trend,0.891700878666548
2101,triad,-0.23518057441740514
2102,trial,1.5078213682451078
2103,tribe,0.5587004098029785
2104,trice,-0.9365680669933538
2105,trick,0.5777284679430607
2106,tried,1.2655019154104654
2107,tripe,-1.1766093408493086
2108,trite,-1.0375798274132082
2109,troll,-0.08406371460080275
2110,troop,0.02541025580291066
2111,trope,-1.5031365838828536
2112,trout,0.37313958146607196
2113,trove,-0.6070998282120885
2114,truce,-0.4889777243699134
2115,truck,1.235480688020131
2116,truer,-1.0964020099385314
2117,truly,1.04609526905442
2118,trump,0.07281031589653929
2119,trunk,0.7196954849685996
2120,truss,-0.24645936488638992
2121,trust,1.495822262578398
2122,truth,1.2813600753811187
2123,tryst,-1.198871727242225
2124,tubal,-0.7105002986083815
2125,tuber,-1.1170324376562466
2126,tulip,-0.013563306472082974
2127,tulle,-0.9612972130494055
2128,tumor,0.5297391781861376
2129,tunic,-0.5900814955924228
2130,turbo,0.6756910345871102
2131,tutor,0.30238698546989234
2132,twang,-1.1183785236687305
2133,tweak,-0.1794649937241906
2134,tweed,-0.20080821081910827
2135,tweet,-1.2943264562805454
2136,twice,1.0056088970762718
2137,twine,-0.8601427102524378
2138,twirl,-1.136652579283196
2139,twist,0.517280552804485
2140,twixt,-1.6942817963907857
2141,tying,-0.12794446421107547
2142,udder,-1.274714747850013
2143,ulcer,-0.29699837553345226
2144,ultra,1.0483453746995024
2145,umbra,-0.9832522413237751
2146,uncle,0.5729622981507922
2147,uncut,0.22265497190075792
2148,under,2.3329242397098193
2149,undid,-1.434502443188504
2150,undue,-0.282450672570014
2151,unfed,-2.3157931321944316
2152,unfit,-0.535917024519284
2153,unify,-0.6585882814406663
2154,union,1.62827329159746
2155,unite,0.07441960030873324
2156,unity,0.6034074713402334
2157,unlit,-1.5750522922342838
2158,unmet,-0.6905923440704373
2159,unset,-0.4200550442071728
2160,untie,-1.362238560599972
2161,until,1.8418502233919851
2162,unwed,-1.4358106027750661
2163,unzip,-0.430118714940888
2164,upper,1.3205654207984256
2165,upset,0.38863518389637136
2166,urban,1.3173683298309529
2167,urine,0.3294699512725669
2168,usage,1.1228787358745833
2169,usher,0.33384070554807604
2170,using,2.2602625101567964
2171,usual,0.9298723623871441
2172,usurp,-1.2866796735044534
2173,utile,-1.0374926662632629
2174,utter,-0.08005466993066854
2175,vague,0.05658468303390571
2176,valet,-0.09023981720121137
2177,valid,1.512461156661386
2178,valor,-0.3517220884555896
2179,value,2.0713272130263767
2180,valve,0.7328522366202698
2181,vapid,-1.4983899806826706
2182,vapor,0.19952161661203488
2183,vault,0.3766663922870364
2184,vaunt,-2.3967001398711054
2185,vegan,0.0314694033963015
2186,venom,-0.13178300661555623
2187,venue,0.842002778132376
2188,verge,-0.26696510013633934
2189,verse,0.5322641319234647
2190,verso,-0.5512911172608606
2191,verve,-0.34167968653023867
2192,vicar,-0.529363308431672
2193,video,2.4070795777446476
2194,vigil,-0.3556520847297019
2195,vigor,-0.4477689523292596
2196,villa,0.9449749828857889
2197,vinyl,0.9288771562354465
2198,viola,-0.0032415320816769227
2199,viper,-0.05649738468960801
2200,viral,0.4242300852704622
2201,virus,1.2940103468637023
2202,visit,2.084386976597551
2203,visor,-0.1402919740586054
2204,vista,0.8347240678538057
2205,vital,0.8407310606258475
2206,vivid,0.2858439387185228
2207,vixen,-0.4953331341236956
2208,vocal,0.6265090984868379
2209,vodka,-0.06665071316579788
2210,vogue,-0.06572826631063045
2211,voice,1.5719853682065656
2212,voila,-0.7648610563189275
2213,vomit,-0.5645872971481549
2214,voter,0.3296116430482835
2215,vouch,-0.8918997082475499
2216,vowel,-0.4209388207417115
2217,vying,-0.9449212193341543
2218,wacky,-0.13725968751662582
2219,wafer,-0.22430388490346917
2220,wager,-0.28617442194644377
2221,wagon,0.35758529380026527
2222,waist,0.3401192212114701
2223,waive,-0.15649574837162497
2224,waltz,-0.1746129774604466
2225,warty,-1.4947100317509205
2226,waste,1.3539253359403427
2227,watch,1.7424173909938117
2228,water,2.151870310587237
2229,waver,-1.1730080111881325
2230,waxen,-2.0991717446125167
2231,weary,-0.20048995360223218
2232,weave,-0.11122411576259925
2233,wedge,0.11811124264867344
2234,weedy,-1.3193205277102882
2235,weigh,0.1788923665392494
2236,weird,0.742585991656321
2237,welch,0.0976547599150892
2238,welsh,0.5242853728657918
2239,whack,-0.591213477885284
2240,whale,0.4209147975657462
2241,wharf,-0.05099129738078807
2242,wheat,0.6049569268802758
2243,wheel,1.1210287712698526
2244,whelp,-1.715617410149856
2245,where,2.4005175967540664
2246,which,2.791011742238016
2247,whiff,-1.111560277373716
2248,while,2.1759330681369584
2249,whine,-0.5250317771518493
2250,whiny,-1.1549727984150446
2251,whirl,-0.6651657997312298
2252,whisk,-0.6900402522472148
2253,white,2.1398174035845288
2254,whole,1.7053888477821306
2255,whoop,-0.9685722962237551
2256,whose,1.382884112989486
2257,widen,-0.35776003367961984
2258,wider,0.5764486144350274
2259,widow,0.2071448499131621
2260,width,1.117967222454584
2261,wield,-0.8557822995209979
2262,wight,-0.05897475026270052
2263,willy,-0.040904685723356475
2264,wimpy,-1.0880766022712802
2265,wince,-0.5970997488109809
2266,winch,-0.4289959960374875
2267,windy,-0.06508560801637171
2268,wiser,-0.5202039597288078
2269,wispy,-1.4606870508064935
2270,witch,0.47781716627824045
2271,witty,-0.16605635683075984
2272,woken,-0.923464242839717
2273,woman,1.614877630024449
2274,women,2.2095183999367682
2275,woody,0.27232828526425323
2276,wooer,1.0215257799622308
2277,wooly,-1.0931760856578234
2278,woozy,-1.701905354151091
2279,wordy,-1.2607142699969291
2280,world,2.4876846567977284
2281,worry,0.808260119159498
2282,worse,0.889575931933833
2283,worst,0.9278993668045731
2284,worth,1.429595350607174
2285,would,2.6235857934053457
2286,wound,0.41201153920141
2287,woven,0.2603289348709501
2288,wrack,-1.7266046836106954
2289,wrath,0.0021977487571554015
2290,wreak,-0.991344042329256
2291,wreck,-0.005374264218834948
2292,wrest,-1.2493435854346273
2293,wring,-1.2408042000392259
2294,wrist,0.4380835872949723
2295,write,1.8964072692298022
2296,wrong,1.4403176796739843
2297,wrote,1.506745645659621
2298,wrung,-1.454018253007478
2299,wryly,-1.5767067262644034
2300,yacht,0.4212550391839333
2301,yearn,-1.015523916708915
2302,yeast,0.43337940966578725
2303,yield,0.8690006561572426
2304,young,1.9319619718646572
2305,youth,1.4620688509841147
2306,zebra,0.07670727982209878
2307,zesty,-1.1886681749533958
2308,zonal,-0.7366640599533131
